location_name,top_category,latitude,longitude
Other Miscellaneous Store Retailers,Smokers Choice,43.114225,-75.20857
Automotive Repair and Maintenance,East Side Glass & Mirror,43.10233,-75.223225
Automobile Dealers,Mozdzen Auto,43.095711,-75.210896
Religious Organizations,St Peters School,43.116679,-75.209117
Religious Organizations,Buddha Dama Thuka Temple,43.08871,-75.248888
Automotive Repair and Maintenance,Cars Collision,43.102216,-75.222728
Restaurants and Other Eating Places,Utica Brews Internet Cafe,43.10206,-75.245323
Automotive Repair and Maintenance,Skermonts Auto,43.094186,-75.205057
Restaurants and Other Eating Places,Marr Logg House,43.082541,-75.204619
Used Merchandise Stores,Autoland Rental Cars,43.094109,-75.228006
Restaurants and Other Eating Places,Bei Jing House,43.093335,-75.248672
Restaurants and Other Eating Places,El Canelo,43.086545,-75.259858
Restaurants and Other Eating Places,Triangle Coffee Shop,43.100407,-75.233662
Religious Organizations,Christian Assembly Of Schuyler,43.138386,-75.194831
Restaurants and Other Eating Places,Slice Pizzeria,43.086372,-75.261328
Personal Care Services,Jo Mar Beauty Salon,43.087143,-75.219192
Building Material and Supplies Dealers,Lowe's,43.126098,-75.224338
Beverage Manufacturing,Saranac Brewery Matt Brewing Co,43.104526,-75.245806
Nursing Care Facilities (Skilled Nursing Facilities),Oneida Center For Rehabilitation And Nursing,43.093128,-75.241417
Building Material and Supplies Dealers,Sherwin-Williams,43.088,-75.260484
Automotive Repair and Maintenance,Utica Hydra Matic Service,43.098838,-75.224804
Child Day Care Services,First Nursery School Of Utica,43.091393,-75.250384
Restaurants and Other Eating Places,Sunny Side Up Cafe,43.094052,-75.203118
Nursing Care Facilities (Skilled Nursing Facilities),The Grand Rehabilitation And Nursing At Utica,43.090256,-75.257138
Gasoline Stations,Sunoco,43.093074,-75.247703
Other Amusement and Recreation Industries,JP3 Performance Studio,43.101555,-75.230074
Automotive Equipment Rental and Leasing,Enterprise Rent-A-Car,43.104588,-75.236159
Restaurants and Other Eating Places,The Patio Drive In,43.109115,-75.251014
Restaurants and Other Eating Places,Pizza Classic,43.10203,-75.230732
Motion Picture and Video Industries,Uptown Theatre for Creative Arts,43.086565,-75.262136
Gasoline Stations,Sunoco,43.088458,-75.223123
 and Musical Instrument Stores, Hobby,Sporting Goods,Bass Pro Shops,43.125236,-75.225889
Religious Organizations,St Vladimir Ukrainian Catholic Church,43.098125,-75.238672
Personal Care Services,Supercuts,43.08528,-75.281943
Home Health Care Services,US Care Systems,43.078944,-75.277405
Restaurants and Other Eating Places,Subway,43.080907,-75.20672
Beverage Manufacturing,Baggs Square Brewing Co,43.103313,-75.223324
Health and Personal Care Stores,Walgreens,43.089567,-75.222004
Furniture Stores,Strosberg Wm,43.097979,-75.216146
Religious Organizations,St John's Catholic Church Rectory Historic,43.100369,-75.22788
Other Amusement and Recreation Industries,Curves,43.126422,-75.236597
Religious Organizations,Asbury United Methodist Church,43.091457,-75.212223
Building Material and Supplies Dealers,BGM Supply,43.089553,-75.225735
Specialty Food Stores,Orderit Alcohol Delivery,43.104566,-75.241929
Health and Personal Care Stores,Focal Point Optical,43.077571,-75.281103
Automotive Repair and Maintenance,Auto Dimensions Plus,43.092269,-75.196703
Religious Organizations,United Church Nursery School,43.096684,-75.242421
General Medical and Surgical Hospitals,New York State,43.100228,-75.260642
 and Similar Institutions, Historical Sites,Museums,Parkway East,43.076,-75.210263
 including Warehouse Clubs and Supercenters,General Merchandise Stores,BJ's Wholesale Club,43.126611,-75.22254
Amusement Parks and Arcades,Club Comacho's Sports,43.103099,-75.241471
Restaurants and Other Eating Places,Number 1 Chinese Restaurant,43.091211,-75.222768
Religious Organizations,Vision To Plant Foundation,43.088991,-75.252283
Home Furnishings Stores,Utica Cutlery Company,43.097819,-75.249275
Automotive Repair and Maintenance,Lansing Body Works,43.090996,-75.205377
Clothing Stores,Burlington,43.12701,-75.223765
Automotive Repair and Maintenance,George's Precision Auto Body,43.111932,-75.267605
Restaurants and Other Eating Places,Panda House,43.100169,-75.234399
Restaurants and Other Eating Places,Arby's,43.087408,-75.258617
Restaurants and Other Eating Places,Kookie's Q &amp Creamery,43.107043,-75.222837
Gasoline Stations,Speedway,43.108879,-75.219068
Grocery Stores,Broad Street Cash & Carry,43.100376,-75.21411
Electronics and Appliance Stores,Metro by T Mobile Authorized Dealer,43.091348,-75.222693
Restaurants and Other Eating Places,Boneyard BBQ's,43.083365,-75.277484
Personal Care Services,Fancy Nails,43.11426,-75.208754
General Medical and Surgical Hospitals,St Elizabeth Medical Center,43.081927,-75.266761
Personal Care Services,Tucci Maria Beautcn,43.079158,-75.277037
Lessors of Real Estate,Hannaford Plaza,43.091417,-75.223706
Furniture Stores,Affordable Furniture,43.099246,-75.247192
Personal Care Services,The Cutting Edge Salon,43.099734,-75.152476
Health and Personal Care Stores,Rite Aid,43.087517,-75.26079
Nursing Care Facilities (Skilled Nursing Facilities),Heritage Health Care Center,43.090487,-75.256683
Religious Organizations,Burmese Muslim Association Of Utica Inc,43.092421,-75.228197
Restaurants and Other Eating Places,Scoops and Sandwiches,43.096252,-75.241378
Consumer Goods Rental,New School For Social Research,43.10016,-75.260036
Automotive Repair and Maintenance,Southside Auto Repair,43.109351,-75.261462
Religious Organizations,St John's Episcopal Church,43.101025,-75.227423
Automotive Repair and Maintenance,Cashion's Collision,43.093634,-75.259193
Automotive Repair and Maintenance,Utica Lincoln Garage,43.093625,-75.259192
Child Day Care Services,Upstate Cerebral Palsy,43.077111,-75.264698
Gasoline Stations,Speedway,43.077102,-75.279825
Gasoline Stations,Noyes Street Alignment and Brake,43.096828,-75.249096
Restaurants and Other Eating Places,Lenox Cafe,43.098886,-75.253476
Restaurants and Other Eating Places,Swifty's Restaurant & Pub,43.099168,-75.235106
Department Stores,Citi Trends,43.089608,-75.221183
Health and Personal Care Stores,Hannaford Food And Drug,43.090311,-75.224639
Health and Personal Care Stores,Parkway Drugs,43.081236,-75.205712
 and Similar Institutions, Historical Sites,Museums,Union Station,43.104185,-75.223212
Religious Organizations,Turning Point Church,43.103348,-75.23675
 and Musical Instrument Stores, Hobby,Sporting Goods,Stage Music,43.107716,-75.244277
Personal Care Services,Colette M Griffith LMT,43.085012,-75.265399
Other Miscellaneous Store Retailers,Karen's Groom Room,43.126089,-75.236002
Restaurants and Other Eating Places,Phu Quoc,43.098859,-75.21898
General Medical and Surgical Hospitals,Mohawk Valley Central Patient Scheduling,43.090874,-75.257925
Home Furnishings Stores,Flooring America,43.112034,-75.259975
Automobile Dealers,Carbone Collision Center,43.139253,-75.214819
Traveler Accommodation,Hampton,43.108878,-75.216594
Other Miscellaneous Store Retailers,Collinite Cheml Co,43.095923,-75.253166
Restaurants and Other Eating Places,Herrera Sabor Latino,43.100738,-75.22508
Restaurants and Other Eating Places,Rutger Restaurant,43.089083,-75.204602
Lessors of Real Estate,Mobile Mini,43.1131,-75.266013
Grocery Stores,Ferris R & Sons,43.106493,-75.216459
Restaurants and Other Eating Places,Simmer,43.093007,-75.224192
Restaurants and Other Eating Places,O'Scugnizzo Pizzeria,43.098783,-75.220392
General Medical and Surgical Hospitals,Faxton St Luke's Healthcare,43.097058,-75.277922
Nursing Care Facilities (Skilled Nursing Facilities),Insight House Chemical Dependency Services,43.106065,-75.23599
Restaurants and Other Eating Places,Black Rice Sushi & Thai,43.098667,-75.21826
 and Gift Stores, Stationery,Office Supplies,Bare Naked Furniture,43.100746,-75.155433
Restaurants and Other Eating Places,A Taste Of Laos,43.099779,-75.233179
Automotive Repair and Maintenance,Larry's Auto Repair,43.162412,-75.210868
Restaurants and Other Eating Places,Domino's Pizza,43.085106,-75.286837
Consumer Goods Rental,Colortyme,43.099289,-75.247227
Building Material and Supplies Dealers,Tractor Supply Co.,43.128133,-75.222992
Restaurants and Other Eating Places,Bagel Grove,43.089873,-75.257936
Lessors of Real Estate,Moe'S Plaza,43.107212,-75.220658
Other Miscellaneous Store Retailers,Puff N Stuff,43.096149,-75.241485
Restaurants and Other Eating Places,Lukins Brick Oven Pizza,43.104013,-75.242766
Religious Organizations,St Peter & Paul Ukrainian Orthodox Church,43.104363,-75.243617
Restaurants and Other Eating Places,Pho Mekong House of Noodles,43.099718,-75.227167
Religious Organizations,Hope Chapel A M E Zion Church,43.091452,-75.217644
Restaurants and Other Eating Places,Europa Restaurant,43.095367,-75.215544
 and Similar Institutions, Historical Sites,Museums,Pixley Park,43.10183,-75.26358
Restaurants and Other Eating Places,Trulli Di Turi,43.115713,-75.209808
Restaurants and Other Eating Places,Smith Market,43.10315,-75.222524
Restaurants and Other Eating Places,Joseph Putrello Barista Coffee Bar,43.099304,-75.236196
Other Personal Services,A Dogs Day Out,43.126311,-75.23661
Grocery Stores,Price Chopper New England,43.113958,-75.207812
Health and Personal Care Stores,Utica Pharmacy,43.08777,-75.259876
Religious Organizations,St Francis Desales Catholic Church,43.095798,-75.238041
Other Amusement and Recreation Industries,AMF,43.088761,-75.257826
Child Day Care Services,North Utica Senior Citizens Recreation Center Inc,43.118242,-75.213692
Automotive Repair and Maintenance,Automatio Experts,43.09247,-75.183497
Restaurants and Other Eating Places,Tramontane Cafe,43.100105,-75.242145
Other Miscellaneous Store Retailers,Munson Williams Proctor Arts Institute,43.097588,-75.240202
 and Musical Instrument Stores, Hobby,Sporting Goods,Cabela's,43.128538,-75.227302
Other Motor Vehicle Dealers,S & R Custom Motorcycle Parts,43.097032,-75.246719
 and Liquor Stores, Wine,Beer,Adirondack Distilling Company,43.104114,-75.24145
Restaurants and Other Eating Places,Napoli's Italian Bakery,43.092155,-75.196847
Other Personal Services,Utica City Parking Garage,43.112345,-75.214751
Restaurants and Other Eating Places,Mohawk Deli & Grill,43.089089,-75.223295
Grocery Stores,Jweid Albert,43.098606,-75.227762
Personal Care Services,Serendipity Hair Salon & Boutique,43.090743,-75.215696
Personal Care Services,The Rut,43.104339,-75.269875
Automobile Dealers,Carbone Pontiac At Hornell,43.136912,-75.217606
Personal Care Services,Inkorporated Tattoo Studio,43.102165,-75.22549
Gasoline Stations,CITGO,43.116307,-75.211522
Other Miscellaneous Store Retailers,Pathway of PEARLS,43.099778,-75.152411
Restaurants and Other Eating Places,Alpine Restaurant,43.096843,-75.216389
Restaurants and Other Eating Places,Craylee's,43.10141,-75.227447
Restaurants and Other Eating Places,The Hub Eatery,43.101361,-75.228397
Bakeries and Tortilla Manufacturing,Big O Bakery,43.097578,-75.214903
Restaurants and Other Eating Places,KFC,43.10841,-75.21943
Bakeries and Tortilla Manufacturing,Mojoz,43.080467,-75.207113
 and Similar Institutions, Historical Sites,Museums,Kernan Park,43.088989,-75.20764
Restaurants and Other Eating Places,Bazar Grill & Lounge,43.095439,-75.222754
Restaurants and Other Eating Places,Medino's Restaurant,43.095332,-75.215471
Religious Organizations,All Saints Episcopal Church,43.089295,-75.248459
 and Musical Instrument Stores, Hobby,Sporting Goods,K & K Train & Hobby,43.08602,-75.279684
Religious Organizations,Payne's Temple Church of God In Christ,43.097797,-75.228352
Automotive Repair and Maintenance,BMP Autoworx,43.107567,-75.24376
Grocery Stores,PriceRite,43.099612,-75.220525
Religious Organizations,Deliverance First Ministries Church Of The Living God,43.101602,-75.245305
Automotive Repair and Maintenance,In Tune Automotive,43.103171,-75.246493
Other Personal Services,Sherry Spa,43.117644,-75.210085
Grocery Stores,Shop and Go,43.097234,-75.215079
Restaurants and Other Eating Places,Golden's,43.100414,-75.233668
Used Merchandise Stores,Fort Schuyler Trading Co,43.114241,-75.208946
Automotive Repair and Maintenance,Monopoli Michael,43.095074,-75.242473
Other Motor Vehicle Dealers,Cycle Motive,43.092318,-75.182335
Religious Organizations,St Mary of Mount Carmel Church,43.099839,-75.218031
Religious Organizations,Trinity Lutheran Church,43.078843,-75.278252
Automotive Repair and Maintenance,Minit Car Wash,43.087216,-75.254719
Restaurants and Other Eating Places,Chophouse by Chesterfield,43.1026,-75.230708
Used Merchandise Stores,Duda Woodworking & Chair Hospital,43.105572,-75.241062
Religious Organizations,Peter Spencer Uame Church,43.09642,-75.22085
Health and Personal Care Stores,Colino Daniel F,43.115774,-75.208521
Restaurants and Other Eating Places,Bella Regina,43.100096,-75.233395
Other Motor Vehicle Dealers,Sports Unlimited,43.13508,-75.218923
Automobile Dealers,Southside Automotive,43.109341,-75.261443
Automotive Repair and Maintenance,Maugeri's Auto Body,43.104954,-75.237735
Personal Care Services,Papito Barbershop,43.098259,-75.218352
Restaurants and Other Eating Places,Stanley Restaurant,43.102332,-75.242032
Gasoline Stations,Fastrac,43.08823,-75.259405
Restaurants and Other Eating Places,Krispy Krunchy Chicken,43.095182,-75.242484
Automotive Repair and Maintenance,Clean Car Auto Sales & Detailing,43.099041,-75.210754
Lessors of Real Estate,Rite Aid Plaza,43.089543,-75.222216
 and Similar Institutions, Historical Sites,Museums,Roscoe Conkling Park,43.082736,-75.250638
 and Gift Stores, Stationery,Office Supplies,Harbor Point Minerals,43.106791,-75.215513
Automobile Dealers,Troya Motor Cars,43.18189,-75.183493
Automobile Dealers,Carbone Collision Center,43.137838,-75.216058
Miscellaneous Durable Goods Merchant Wholesalers,American Fireworks Display,43.096819,-75.217415
General Medical and Surgical Hospitals,Mohawk Valley Network,43.089398,-75.214578
 and Similar Institutions, Historical Sites,Museums,Memorial Parkway,43.084881,-75.245922
Religious Organizations,American Bh Islamic Center Of Utica Inc,43.096657,-75.210636
Religious Organizations,Tabernacle Of Praise Ministries Church Of The Living God Inc,43.109123,-75.261636
Automotive Repair and Maintenance,Quick Change Inc,43.093814,-75.225485
Grocery Stores,Roll Corporation Supermarket,43.088968,-75.234845
Restaurants and Other Eating Places,Utica Coffee Roasting,43.103445,-75.227632
Religious Organizations,Seventh Day Adventist Church,43.110419,-75.184327
Automotive Repair and Maintenance,Peters Glass,43.096768,-75.221924
Home Health Care Services,CNYHHN Inc,43.0925,-75.207902
Religious Organizations,St Joseph & St Patrick Church,43.104994,-75.241587
Religious Organizations,First Presbyterian Church,43.091377,-75.250231
Furniture Stores,Lavoda Home Furniture,43.098753,-75.208675
General Medical and Surgical Hospitals,Mohawk Valley Imaging PC,43.081992,-75.265836
Bakeries and Tortilla Manufacturing,Ramon's Bakery,43.080415,-75.207279
Restaurants and Other Eating Places,Subway,43.092047,-75.222262
Religious Organizations,Nepali Calvary Harvest Church International Inc,43.093756,-75.230121
Restaurants and Other Eating Places,Five Guys,43.128523,-75.224614
Restaurants and Other Eating Places,Sunny Restaurant Asian Cuisine,43.096983,-75.216914
Restaurants and Other Eating Places,Joey's Pizzeria,43.084832,-75.235915
Other Miscellaneous Store Retailers,Eagle Express Smoke Shop,43.086518,-75.218705
Automotive Repair and Maintenance,Trivieri's Auto Svce,43.091313,-75.225603
Restaurants and Other Eating Places,Hoopla Frozen Yogurt,43.107208,-75.220559
Religious Organizations,First Baptist Church of Utica,43.114248,-75.20188
Restaurants and Other Eating Places,Chesterfield Restaurant,43.093028,-75.199936
Religious Organizations,Lifecoach Communications Inc,43.078209,-75.273436
Restaurants and Other Eating Places,Palermo Pizzeria,43.095519,-75.242809
Child Day Care Services,Upstate Cerebral Palsy Inc New Discoveries Learning Center,43.079768,-75.211005
Religious Organizations,Tabernacle Baptist Church,43.09846,-75.234692
 and Musical Instrument Stores, Hobby,Sporting Goods,GameStop,43.128538,-75.224555
Religious Organizations,First Baptist Church,43.114239,-75.201895
Automotive Repair and Maintenance,Bargain Price Auto Glass,43.101172,-75.232523
Automotive Repair and Maintenance,Mavis Discount Tire,43.111126,-75.256075
Personal Care Services,Davi Nails,43.12856,-75.227295
 and Gift Stores, Stationery,Office Supplies,Ezra's Energy,43.10257,-75.22979
Bakeries and Tortilla Manufacturing,Classy Cakes,43.126183,-75.235942
Restaurants and Other Eating Places,Mi Casa Restaurant,43.095285,-75.243158
Grocery Stores,Dino's Sausage,43.099236,-75.216096
Child Day Care Services,Court Street Children's Center,43.100735,-75.238145
Automotive Repair and Maintenance,J & L Auto Svce,43.108802,-75.268484
Traveler Accommodation,Holiday Inn Express,43.10959,-75.221463
Specialty Food Stores,Sweet Escape Chocolate Lounge,43.097137,-75.241027
Gasoline Stations,Atlas,43.094303,-75.219707
Personal Care Services,Oneida Square Gun Shop,43.096216,-75.240339
Religious Organizations,Iglesia Unificando Corazones Contrictos Pentecostal Church,43.108824,-75.25738
Other Ambulatory Health Care Services,American Red Cross,43.094318,-75.244786
Restaurants and Other Eating Places,Dunkin',43.107842,-75.219935
Religious Organizations,Holy Trinity Cath Church,43.099453,-75.244915
Other Personal Services,K 9 Obedience Training,43.109009,-75.10086
Restaurants and Other Eating Places,Ruznic Market & Restaurant,43.094171,-75.214662
Automobile Dealers,R S Auto Sales,43.109089,-75.248928
Building Material and Supplies Dealers,Cavo Builders' Supplies,43.089527,-75.210899
Other Amusement and Recreation Industries,Upstate Empire Fitness,43.104591,-75.269576
Nursing Care Facilities (Skilled Nursing Facilities),St Joseph Nursing Home,43.079463,-75.274183
Electronics and Appliance Stores,Metro by T Mobile Authorized Dealer,43.086639,-75.261854
Restaurants and Other Eating Places,Luna Mexican Bar and Grill,43.103837,-75.243245
Restaurants and Other Eating Places,Dunkin',43.096161,-75.24285
Automotive Repair and Maintenance,Mavis Discount Tire,43.086437,-75.262566
Personal Care Services,Dominican Barber Shop,43.098286,-75.217329
Restaurants and Other Eating Places,Castlewood Cafe,43.104299,-75.27011
 and Similar Institutions, Historical Sites,Museums,Steuben Park,43.098224,-75.231843
Religious Organizations,St Basils Melkite Catholic Church,43.081494,-75.222577
Automotive Repair and Maintenance,Joey's Auto Detail Shop,43.110244,-75.259349
Restaurants and Other Eating Places,Finger Bullet,43.091504,-75.259515
Restaurants and Other Eating Places,Cafe Domenico,43.086101,-75.261734
Gasoline Stations,Dari Del Dairy,43.092157,-75.196873
Personal Care Services,A Soothing Touch Laser Hair Removal,43.1128,-75.263823
Restaurants and Other Eating Places,Terrace Cafe,43.097104,-75.241004
Religious Organizations,Holy Temple of Jesus Christ,43.091084,-75.234056
Restaurants and Other Eating Places,Apsara Restaurant Cambodian & Thai,43.099396,-75.232777
Bakeries and Tortilla Manufacturing,Giuseppe's Bakery,43.097994,-75.218235
Restaurants and Other Eating Places,Zwe Ka Bin Hala Restaurant,43.094315,-75.228696
Shoe Stores,Shaheen Brothers,43.106247,-75.247517
Restaurants and Other Eating Places,Applebee's,43.12462,-75.227408
Automotive Equipment Rental and Leasing,U-Haul,43.111325,-75.262177
Restaurants and Other Eating Places,McDonald's,43.089191,-75.257147
Restaurants and Other Eating Places,Trackside Restaurant & Banquets,43.104075,-75.223132
Other Amusement and Recreation Industries,Planet Fitness,43.127545,-75.223596
Personal Care Services,SherDoHair,43.081424,-75.27226
Florists,Central Market Florist,43.086375,-75.259834
Clothing Stores,Blue Moon Emporium,43.104262,-75.239773
Restaurants and Other Eating Places,Soul One 12,43.101576,-75.230054
Personal Care Services,Asian Bodywork,43.080825,-75.273606
Automotive Repair and Maintenance,Johnston's Auto Body,43.09872,-75.224439
Traveler Accommodation,Doubletree By Hilton Utica,43.102515,-75.23084
Restaurants and Other Eating Places,Two Brother's Cafe And Pizzeria,43.081124,-75.21734
Grocery Stores,Cliff's Local Market,43.08057,-75.206385
Religious Organizations,Muslim Community Association Of Mohawk Valley,43.086982,-75.247155
Restaurants and Other Eating Places,Jenny's Diner,43.103773,-75.24243
Bakeries and Tortilla Manufacturing,A Little Bit of Love Bakery,43.09405,-75.203113
Religious Organizations,Redeemer Church,43.112433,-75.18702
Religious Organizations,Believers Miracle Deliverance Ministries,43.08671,-75.212823
Grocery Stores,Utica Gastronome,43.09599,-75.209526
Traveler Accommodation,Delta,43.09787,-75.237686
Clothing Stores,Starseeds Children's Clothing Store,43.093523,-75.202725
Lessors of Real Estate,Aspen Plaza,43.112427,-75.214744
Restaurants and Other Eating Places,Good Friend Chinese Restaurant,43.11392,-75.207018
Restaurants and Other Eating Places,Campus Inn Pizza,43.099342,-75.232696
Rail Transportation,Amtrak,43.104185,-75.223202
Furniture Stores,S & L Furn Co,43.097996,-75.21616
Automotive Repair and Maintenance,Elite Car Wash,43.110598,-75.253415
Religious Organizations,Living Word Fellowship Inc,43.089958,-75.232095
 and Similar Institutions, Historical Sites,Museums,OConnor Park,43.085257,-75.228916
Grocery Stores,Cotrupe Produce & Sons,43.09111,-75.2062
Specialty Food Stores,Juliano Farms,43.096925,-75.146027
Restaurants and Other Eating Places,Nostro Restobar and Lounge,43.099306,-75.236187
Restaurants and Other Eating Places,Wingstop,43.107171,-75.220577
Child Day Care Services,Utica Safe Schools Healthy Student Partnerships Inc,43.079675,-75.219659
Religious Organizations,St George Orthodox Church,43.093829,-75.227676
 and Musical Instrument Stores, Hobby,Sporting Goods,K Music,43.088873,-75.222127
Bakeries and Tortilla Manufacturing,Spano Brothers,43.093911,-75.200067
Grocery Stores,Lucky Mey's Market,43.088516,-75.247955
Restaurants and Other Eating Places,Shade Bar & Grill,43.101156,-75.232512
Other Miscellaneous Store Retailers,Christine's Cookie Shoppe,43.10105,-75.232546
Personal Care Services,Myly Nail Salon,43.113306,-75.205528
Automotive Repair and Maintenance,Ryan's Auto & Truck Service,43.090289,-75.215922
Restaurants and Other Eating Places,Acropolis Greek Restaurant,43.083319,-75.231656
Restaurants and Other Eating Places,Lady J's,43.099411,-75.232734
Religious Organizations,Bosnian Islamic Association of Utica,43.100497,-75.235491
Other Miscellaneous Store Retailers,Johanne's Coffee & Coin Shop,43.094128,-75.228155
Home Furnishings Stores,Mohawk Valley Granite,43.094824,-75.203294
Lessors of Real Estate,Dollar General Center,43.092379,-75.220588
 and Musical Instrument Stores, Hobby,Sporting Goods,Stage Music Piano Svce,43.107735,-75.24428
Restaurants and Other Eating Places,Wendy's,43.110586,-75.218393
Health and Personal Care Stores,Pharmacy Solutions,43.088702,-75.186094
Restaurants and Other Eating Places,Mayflower Chinese Restaurant,43.113548,-75.205202
Automotive Repair and Maintenance,Cupolo & Son Automotive Svce,43.074836,-75.285465
Automotive Repair and Maintenance,Howe Does It Automotive,43.109373,-75.261458
Child Day Care Services,Mvcaa Inc Calvary Head Start,43.094871,-75.230762
Automotive Repair and Maintenance,Maugeri's Auto Repair,43.097695,-75.216854
Bakeries and Tortilla Manufacturing,Florentine Pastry Shop,43.098718,-75.218582
 and Similar Institutions, Historical Sites,Museums,Utica Access Site,43.099619,-75.223946
Restaurants and Other Eating Places,Dave's Diner,43.099709,-75.152464
Bakeries and Tortilla Manufacturing,Hemstrought's Bakeries,43.09649,-75.252087
Restaurants and Other Eating Places,Dunkin',43.105095,-75.233529
Restaurants and Other Eating Places,McGill's Whiskey Tavern and Grill,43.09825,-75.15146
Other Amusement and Recreation Industries,Valley View Golf Course,43.074527,-75.240097
Automotive Repair and Maintenance,Sal's Auto Repair,43.108568,-75.24677
Religious Organizations,Congregation Zvi Jacob,43.086612,-75.252299
Lessors of Real Estate,Champlin Commons,43.104269,-75.270082
Gasoline Stations,Street Corner,43.09918,-75.230206
Other Motor Vehicle Dealers,Kawasaki Motors,43.11224,-75.26178
Gasoline Stations,Fastrac,43.109889,-75.251099
Restaurants and Other Eating Places,KF Tom Yum,43.098657,-75.218286
 including Warehouse Clubs and Supercenters,General Merchandise Stores,Big Lots Stores,43.11336,-75.205494
Restaurants and Other Eating Places,Tavolo,43.109155,-75.220199
Home Health Care Services,One Caring Place Plus,43.089772,-75.212555
Automobile Dealers,Cars4Charities,43.098383,-75.237933
Automotive Repair and Maintenance,Asim Automotive,43.094899,-75.215702
Religious Organizations,Presbytery of Utica,43.0914,-75.250245
Restaurants and Other Eating Places,Rocky's,43.128549,-75.227321
Automotive Repair and Maintenance,Twin Cities Collision,43.102154,-75.220108
Restaurants and Other Eating Places,Aquavino Restaurant & Catering,43.111267,-75.214996
 and Musical Instrument Stores, Hobby,Sporting Goods,Piano Lab,43.126361,-75.236315
Clothing Stores,Evelyn's House,43.083934,-75.269898
Restaurants and Other Eating Places,Delmonico's Italian Steakhouse,43.109335,-75.219693
 and Similar Institutions, Historical Sites,Museums,Children's Museum Of Natural History,43.104221,-75.224109
Automotive Repair and Maintenance,Utica Roof Pros,43.123446,-75.208466
Child Day Care Services,Mvcaa Inc Mlk Head Start,43.091303,-75.235219
Clothing Stores,DTR/VILLA,43.091833,-75.222367
Grocery Stores,Utica Bowls,43.100576,-75.233303
Nursing Care Facilities (Skilled Nursing Facilities),Utica Rehabilitation & Nursing Center,43.079457,-75.274179
Clothing Stores,CNYFW Central New York Fashion Week,43.098264,-75.208154
Automobile Dealers,Advanced Automotive Sales,43.091837,-75.195913
Health and Personal Care Stores,1 First Evolution Nutrition Club,43.092336,-75.214798
Restaurants and Other Eating Places,Willie's Bagel Cafe,43.112851,-75.21553
Clothing Stores,Rainbow Shops,43.090886,-75.223831
Grocery Stores,Price Chopper New England,43.086522,-75.259929
Automotive Repair and Maintenance,D & D Auto Body,43.09259,-75.215708
Restaurants and Other Eating Places,Pie Squared Utica,43.095822,-75.249767
Religious Organizations,St Peter's Catholic Church,43.117487,-75.209451
Automotive Repair and Maintenance,Santos Auto Repair,43.098365,-75.228617
Restaurants and Other Eating Places,Taco Bell,43.108135,-75.2197
Religious Organizations,Temple Beth El,43.076734,-75.282006
Restaurants and Other Eating Places,Royal Imports,43.084207,-75.208514
Religious Organizations,Our Saviour Lutheran Church,43.0899,-75.25568
Restaurants and Other Eating Places,Sabor Latino Restaurant,43.085742,-75.237954
Specialty Food Stores,Pulaski Meat Mkt,43.100288,-75.251585
Grocery Stores,Stewart's Shops,43.100565,-75.239189
Automotive Repair and Maintenance,Nichol Street Auto,43.092782,-75.210763
Personal Care Services,Razor's Edge Hair Cutting,43.081701,-75.269854
Health and Personal Care Stores,Utica Dental Laboratory,43.097905,-75.239271
Restaurants and Other Eating Places,Rosario's Pizzeria East Utica,43.081138,-75.206374
Automotive Repair and Maintenance,Aiello's Automotive,43.087465,-75.223049
Bakeries and Tortilla Manufacturing,Star Bakery,43.095521,-75.203745
Personal Care Services,Meraki Nails By Angela,43.102538,-75.221507
Building Material and Supplies Dealers,Urbanik's Paint & Wallpaper,43.110247,-75.251924
Religious Organizations,Utica Foursquare Church,43.096161,-75.248663
 and Gift Stores, Stationery,Office Supplies,Arlott Duplicator Supply,43.098904,-75.231511
Automotive Repair and Maintenance,Nelsons Detail Services,43.112994,-75.188868
Restaurants and Other Eating Places,Parkway Pizza,43.081269,-75.205705
Restaurants and Other Eating Places,Empire City,43.103376,-75.24686
Personal Care Services,The Unlimited Salon,43.117832,-75.209343
Religious Organizations,Bethany Presbyterian Church,43.093794,-75.214994
Building Material and Supplies Dealers,Urbaniks Paint & Wallpaper Co,43.104119,-75.2384
Child Day Care Services,The Neighborhood Center Inc,43.09732,-75.220509
Automobile Dealers,Utica General Peterbilt North Utica,43.133913,-75.219637
Restaurants and Other Eating Places,Babe's Macaroni Grill & Bar,43.106889,-75.220948
Grocery Stores,Roma Sausage,43.090936,-75.193887
Child Day Care Services,Thea Bowman House Inc,43.105195,-75.241306
General Medical and Surgical Hospitals,Critical Imaging LLC,43.085001,-75.288877
Clothing Stores,Lionest Fashion & Care,43.09353,-75.214265
Restaurants and Other Eating Places,Geisha II,43.099384,-75.232764
Religious Organizations,Grace Church Parish Ofc,43.100791,-75.231169
Personal Care Services,Hair East,43.086897,-75.219386
Automotive Repair and Maintenance,Henry's Auto Sales,43.10755,-75.243778
Restaurants and Other Eating Places,Southern BBQ Caterin Affair,43.074853,-75.285501
Traveler Accommodation,Home2 Suites,43.108821,-75.220503
Personal Care Services,Mikey Thomas,43.101817,-75.229698
General Medical and Surgical Hospitals,Faxton St Luke's Healtchcare,43.09675,-75.276135
Electronics and Appliance Stores,Precision Stereo Repair,43.175356,-75.202188
Traveler Accommodation,Red Roof Inn,43.11378,-75.216939
Restaurants and Other Eating Places,Rosato's Pizzeria & Bakery,43.109374,-75.268032
 and Gift Stores, Stationery,Office Supplies,Lily's Party Store,43.096439,-75.241798
Restaurants and Other Eating Places,Thuy Cafe,43.098857,-75.218988
Restaurants and Other Eating Places,Laura's Cafe,43.089023,-75.222661
Other Ambulatory Health Care Services,Kunkel Ambulance Service,43.101529,-75.223578
Restaurants and Other Eating Places,Hummus & Tabbouleh,43.098687,-75.218266
Automotive Equipment Rental and Leasing,CleanBox Porta Potty Rental,43.088923,-75.238708
Child Day Care Services,Utica Safe Schools Healthy Student Partnerships Inc,43.118688,-75.196998
Nursing Care Facilities (Skilled Nursing Facilities),Mvhs Rehabilitation And Nursing Center,43.098112,-75.278963
Gasoline Stations,Sunoco,43.115634,-75.209329
Automotive Repair and Maintenance,Valley Transmission Svce,43.102091,-75.222804
Furniture Stores,Bueno Deals,43.09839,-75.218949
Nursing Care Facilities (Skilled Nursing Facilities),The Pines At Utica Center For Nursing & Rehabilitation,43.08676,-75.254792
Automotive Repair and Maintenance,Winstons Automobile,43.093143,-75.229676
Personal Care Services,Hair by Lisa calhoun,43.10266,-75.23023
Automotive Repair and Maintenance,A To Z Auto,43.10829,-75.248071
Bakeries and Tortilla Manufacturing,Desserts Beyond the Ordinary,43.099584,-75.233084
Religious Organizations,West Schuyler United Methodist Church,43.111052,-75.150453
Automotive Repair and Maintenance,Dick's Auto Sales,43.092182,-75.209886
Grocery Stores,Easy Pass,43.092335,-75.230747
Restaurants and Other Eating Places,East Side Diner,43.094345,-75.228714
Automotive Repair and Maintenance,J's Auto,43.108588,-75.250378
Religious Organizations,St Georges Roman Catholic Church,43.104994,-75.241626
Grocery Stores,Fabulous Mini Mart,43.094101,-75.248593
Personal Care Services,La Bella Toni Massage Therapist,43.084237,-75.265311
Miscellaneous Durable Goods Merchant Wholesalers,Speciale Fireworks,43.102564,-75.161052
Traveler Accommodation,Delta Hotels,43.101243,-75.232326
Personal Care Services,Clips,43.087315,-75.258982
Health and Personal Care Stores,Pharmacy,43.086622,-75.260113
Furniture Stores,Commerical Woodengoods,43.107644,-75.231641
Other Amusement and Recreation Industries,Edward J Hirt Playground,43.101309,-75.245982
Restaurants and Other Eating Places,Irwin's Fine Food,43.100491,-75.233526
Personal Care Services,Freeman's Barber Shop,43.103963,-75.231088
Restaurants and Other Eating Places,Massouds Cafe,43.09985,-75.233208
Specialty Food Stores,Byrne Dairy,43.115766,-75.209737
Restaurants and Other Eating Places,Daniele 's,43.081987,-75.228926
Restaurants and Other Eating Places,Dunkin',43.090265,-75.22185
Automotive Repair and Maintenance,Harry's Brake Service & General Repair,43.110205,-75.262786
Grocery Stores,Maria's Pasta Shop,43.0743,-75.267718
Traveler Accommodation,Rosemont Inn,43.093978,-75.245628
Restaurants and Other Eating Places,Joe's Restaurant,43.09672,-75.208919
Traveler Accommodation,Days Inn,43.108982,-75.218336
Restaurants and Other Eating Places,Good Vibes Cafe &amp Lounge,43.096491,-75.212885
Personal Care Services,Maye's Salon of Beauty Multi Cultural for Entire Family,43.091181,-75.252916
Religious Organizations,Greater Grace Church Of Utica,43.105805,-75.264815
Restaurants and Other Eating Places,Puro,43.094393,-75.22029
Restaurants and Other Eating Places,Come into Jamaican Restaurants,43.093669,-75.23651
Restaurants and Other Eating Places,Dunkin',43.107084,-75.244384
Religious Organizations,Wat Satheathek Uticaram,43.088463,-75.240921
Health and Personal Care Stores,Cortese Eyecare,43.080259,-75.273265
Automotive Repair and Maintenance,Caliber Collision,43.096855,-75.251588
Restaurants and Other Eating Places,Old School Bar & Grill,43.090254,-75.198745
Automotive Repair and Maintenance,F M Collision,43.089656,-75.211788
Automotive Repair and Maintenance,L & D Automotive,43.109494,-75.250083
Specialty Food Stores,Smith Packing Regional Meat,43.104579,-75.229753
Grocery Stores,Fastrac Markets,43.109853,-75.250972
 and Musical Instrument Stores, Hobby,Sporting Goods,Tiger Lily Quilt,43.102724,-75.24451
Personal Care Services,Tattoo U Studio,43.098821,-75.218809
Religious Organizations,Good News Foundation,43.127008,-75.193046
Child Day Care Services,Genesee Street Children's Center,43.077165,-75.278671
Religious Organizations,St Pauls Baptist Church,43.092339,-75.234501
Beverage Manufacturing,Woodland Farm Brewery,43.151135,-75.212037
Electronics and Appliance Stores,Five Point Tv,43.088689,-75.211811
Religious Organizations,Mount Zion Ministries Church Inc,43.112429,-75.187036
Restaurants and Other Eating Places,Character Coffee,43.101568,-75.230033
Restaurants and Other Eating Places,The Celtic Harp Restaurant and Pub,43.103224,-75.243848
Grocery Stores,Ridgewood Market & Deli,43.074403,-75.267615
 and Similar Institutions, Historical Sites,Museums,Johnson Park,43.091722,-75.236732
Restaurants and Other Eating Places,Little Caesars,43.091874,-75.222361
Restaurants and Other Eating Places,Varick Bar & Grill,43.104349,-75.241851
Restaurants and Other Eating Places,What The Truck,43.109565,-75.212797
Clothing Stores,Donna Marie's Bridal Shoppe,43.082178,-75.228768
Personal Care Services,Red Raven Tattoo and Piercing,43.101702,-75.229779
Bakeries and Tortilla Manufacturing,Tony's Italian Bakery Deli & Pizza,43.09218,-75.196811
Restaurants and Other Eating Places,Ambassador Restaurant,43.096851,-75.21638
Restaurants and Other Eating Places,Zeina's Cafe,43.104096,-75.241499
Specialty Food Stores,So Sweet Candy Cafe,43.104471,-75.240537
Bakeries and Tortilla Manufacturing,City Sweets Bakery,43.10329,-75.223462
Restaurants and Other Eating Places,315 Bar BQ & Brew,43.098882,-75.253384
Religious Organizations,Believers Miracle Deliverance Ministries,43.094026,-75.23387
Grocery Stores,Karl's Mkt,43.096414,-75.2493
Grocery Stores,Family'grocery,43.096159,-75.21005
Automotive Repair and Maintenance,Schultz Autoworks,43.095429,-75.25511
Personal Care Services,Lm Hair Salon,43.09075,-75.21568
Grocery Stores,Hannaford Supermarkets,43.090332,-75.224636
Other Amusement and Recreation Industries,YWCA,43.099546,-75.237843
Personal Care Services,Bella Vita Salon & Massage Therapy,43.117089,-75.211465
Electronics and Appliance Stores,Metro by T Mobile Authorized Dealer,43.095591,-75.24222
Spectator Sports,Adirondack Bank Center,43.105141,-75.233183
 and Musical Instrument Stores, Hobby,Sporting Goods,Hometown Bait & Tackle,43.126073,-75.236032
Lessors of Real Estate,North Utica Shopping Center,43.114169,-75.208302
Restaurants and Other Eating Places,The Willows,43.088105,-75.200146
Restaurants and Other Eating Places,72 Tavern & Grill,43.105246,-75.234006
Automotive Repair and Maintenance,Ziebart,43.110205,-75.252526
Bakeries and Tortilla Manufacturing,Caruso's Pastry Shoppe,43.098318,-75.217441
 and Musical Instrument Stores, Hobby,Sporting Goods,Mohawk Valley Community Action Agency Incorporated Head S,43.096631,-75.219957
Restaurants and Other Eating Places,The Broken Egg,43.099041,-75.231404
Restaurants and Other Eating Places,The Pizza Box,43.090141,-75.213379
Bakeries and Tortilla Manufacturing,The Balkan,43.086517,-75.261889
Specialty Food Stores,Bossone's Sausage & Meat,43.098288,-75.217298
 and Musical Instrument Stores, Hobby,Sporting Goods,AAA Welch's Bicycle & Ski Shop,43.106615,-75.247677
Restaurants and Other Eating Places,Motus,43.100584,-75.233417
Furniture Stores,Affordable Mattress & Furniture,43.099286,-75.247113
Restaurants and Other Eating Places,Stathis Greek Restaurant,43.087711,-75.259578
Gasoline Stations,Fastrac,43.110306,-75.180132
Religious Organizations,Lighthouse Baptist Church,43.09434,-75.212498
Restaurants and Other Eating Places,Ocean Blue Restaurant & Oyster Bar,43.101767,-75.231625
Clothing Stores,K&K Dance Wear,43.117085,-75.211426
Personal Care Services,Lava Spa,43.076307,-75.28081
 and Liquor Stores, Wine,Beer,Lichtmans Wine & Liquor,43.114241,-75.208665
Grocery Stores,Stewart's Shops,43.081741,-75.205262
Child Day Care Services,The Neighborhood Center Inc,43.097771,-75.220797
Restaurants and Other Eating Places,Joey's Restaurant,43.099535,-75.216785
Restaurants and Other Eating Places,Grill 155,43.077617,-75.219451
Automotive Repair and Maintenance,Johnni's Automotive,43.096172,-75.204791
Automotive Repair and Maintenance,2m Auto Repair,43.092637,-75.224439
Restaurants and Other Eating Places,Ancora,43.098868,-75.235275
Child Day Care Services,Masonic Care Community Of New York,43.088342,-75.191147
Grocery Stores,Cliff's Local Market,43.11635,-75.211545
Restaurants and Other Eating Places,Zaro Bosnian Restaurant,43.089047,-75.222659
Restaurants and Other Eating Places,Subway,43.110083,-75.217619
Other Miscellaneous Store Retailers,Smoke &amp Vapor,43.12857,-75.224532
Religious Organizations,Utica Karen Baptist Church,43.100773,-75.234078
Furniture Stores,Empire Furniture Co,43.098001,-75.21615
Religious Organizations,Moriah Olivet United Presbyterian Church,43.100786,-75.234107
Lessors of Real Estate,Chanantry Plaza,43.085119,-75.281791
Restaurants and Other Eating Places,Bite Bakery & Cafe,43.102503,-75.229791
Electronics and Appliance Stores,Northern Lights Docks,43.100165,-75.156004
 and Similar Institutions, Historical Sites,Museums,Addison Miller Park,43.094936,-75.261168
 including Warehouse Clubs and Supercenters,General Merchandise Stores,Family Dollar Stores,43.080447,-75.207216
Personal Care Services,Tony's Barber Shop,43.106384,-75.246088
Gasoline Stations,Fastrac,43.115915,-75.210361
Florists,Baker Greenhouses,43.112413,-75.18335
Restaurants and Other Eating Places,Nicky Doodles,43.10705,-75.222781
Restaurants and Other Eating Places,Tonys Pizzeria,43.109852,-75.262044
Other Amusement and Recreation Industries,SUNY Polytechnic Institute,43.135523,-75.230096
Restaurants and Other Eating Places,The Lotus Garden,43.098237,-75.235238
Restaurants and Other Eating Places,Fort Schuyler Club House,43.099922,-75.23481
Restaurants and Other Eating Places,Trattoria Calabria,43.089637,-75.198717
Personal Care Services,SmartStyle Family Hair Salons,43.128561,-75.227329
Building Material and Supplies Dealers,McQuade & Bannigan,43.098622,-75.250396
Automotive Repair and Maintenance,Whitesboro Frame & Body,43.096854,-75.251563
 and Musical Instrument Stores, Hobby,Sporting Goods,Clemente Novelties,43.102661,-75.233629
Florists,Chester's Flower Shop & Greenhouses,43.102351,-75.254201
Other Miscellaneous Store Retailers,Stevens Swan Humane Society,43.135529,-75.218615
Automobile Dealers,Comeskey Vintage & Classic Cars,43.096042,-75.247383
Other Amusement and Recreation Industries,Lincoln Playground,43.094112,-75.252984
Restaurants and Other Eating Places,Wanna Play Cafe,43.115758,-75.21005
Child Day Care Services,Thea Bowman House Inc,43.096837,-75.239769
Personal Care Services,Sharon's,43.088885,-75.261903
Restaurants and Other Eating Places,Tariks Bakery and Coffee Shop,43.100037,-75.233263
 and Gift Stores, Stationery,Office Supplies,Little Italy Imports,43.089186,-75.221034
Restaurants and Other Eating Places,Arcuri's Pizza,43.092078,-75.221126
Automotive Repair and Maintenance,Upstate Painting,43.089938,-75.265094
Religious Organizations,Cornerstone Community Church,43.096689,-75.242396
Automobile Dealers,Grimaldi Auto Sales,43.093178,-75.260739
 and Similar Institutions, Historical Sites,Museums,North Utica Park,43.115127,-75.170681
Restaurants and Other Eating Places,Joel's Spanish Food,43.09574,-75.241848
Specialty Food Stores,Oneida County Farmers Market,43.104186,-75.222516
Religious Organizations,Vietnamese Buddhist Congregation Of New York Inc,43.097332,-75.215366
Child Day Care Services,Mvcaa Inc Cornerstone Head Start,43.095381,-75.232691
Building Material and Supplies Dealers,DEA Building Supplies,43.098024,-75.206859
Other Amusement and Recreation Industries,Sacred Space,43.098266,-75.20815
Restaurants and Other Eating Places,McDonald's,43.091022,-75.222295
Traveler Accommodation,Fairfield Inn & Suites by Marriott,43.107491,-75.222421
Grocery Stores,Avico Distributing,43.100289,-75.214292
 including Warehouse Clubs and Supercenters,General Merchandise Stores,Dollar General,43.103675,-75.162359
 including Warehouse Clubs and Supercenters,General Merchandise Stores,Dollar Tree,43.091485,-75.22309
 including Warehouse Clubs and Supercenters,General Merchandise Stores,Family Dollar Stores,43.087813,-75.257664
Restaurants and Other Eating Places,Mojos cafe,43.080489,-75.207149
Automobile Dealers,Quality Auto Sales,43.109188,-75.260736
Other Amusement and Recreation Industries,Field of Dreams Sports Complex,43.096266,-75.14189
Restaurants and Other Eating Places,Come Into Jamaica,43.093688,-75.236489
Restaurants and Other Eating Places,Sakura,43.089613,-75.222026
Used Merchandise Stores,Habitat for Humanity ReStore,43.085601,-75.279833
Other Motor Vehicle Dealers,DDS Motor Sports,43.112243,-75.261775
Automotive Repair and Maintenance,Easy Auto Glass,43.099666,-75.247041
Automobile Dealers,Ultimate Auto Sales and Repair,43.101688,-75.220893
Grocery Stores,Clifford Fuel,43.106688,-75.215805
Automotive Repair and Maintenance,Alan Byer Foreign Auto,43.132446,-75.221037
 including Warehouse Clubs and Supercenters,General Merchandise Stores,Dollar Tree,43.114286,-75.209198
Personal Care Services,Hair Reflexion Beauty Salon,43.092054,-75.206543
Other Amusement and Recreation Industries,Bernard's Boxing Academy,43.10218,-75.243285
Grocery Stores,Chanatry's Supermarkets,43.084691,-75.282256
Restaurants and Other Eating Places,Roso's Cafe,43.101476,-75.230601
Health and Personal Care Stores,Kirkpatrick Daniel OD,43.097617,-75.237929
Restaurants and Other Eating Places,Tiny's Grill,43.099995,-75.240431
Restaurants and Other Eating Places,Raspberries Cafe of Utica,43.077542,-75.280001
Health and Personal Care Stores,Towpath Vision Care,43.081968,-75.271209
Personal Care Services,Tribute to Heritage Tattoo Parlor,43.077157,-75.280723
Automotive Repair and Maintenance,Nimey's The New Generation,43.093718,-75.193279
Used Merchandise Stores,Schuyler Antiques,43.098602,-75.151171
Automotive Repair and Maintenance,Longo's Auto Services,43.104353,-75.249171
 and Liquor Stores, Wine,Beer,City Liquors,43.086637,-75.257991
Gasoline Stations,Fastrac,43.087165,-75.250342
Child Day Care Services,Mohawk Valley Community Action Inc,43.082656,-75.263017
 and Similar Institutions, Historical Sites,Museums,F T Proctor Park,43.087836,-75.196258
Personal Care Services,Hair Reflections,43.092035,-75.206552
Restaurants and Other Eating Places,El Barajo Restaurant,43.098192,-75.218114
Gasoline Stations,Street Corner,43.101667,-75.229903
Restaurants and Other Eating Places,Denny's,43.109858,-75.217886
Clothing Stores,Dr Uniforms,43.108914,-75.250256
Personal Care Services,Hawaiian Holiday Tanning Salon,43.089813,-75.212051
Restaurants and Other Eating Places,Dick Smith's Tavern,43.098302,-75.251464
Clothing Stores,Morning Star Christian Merchandiser,43.102983,-75.241616
Gasoline Stations,Hess,43.077099,-75.279821
Personal Care Services,Union Station Barber Shop,43.104079,-75.224065
Personal Care Services,Genesee Nails,43.100075,-75.233452
Electronics and Appliance Stores,Cellular Sales,43.126604,-75.2262
Beverage Manufacturing,Mohawk Valley Winery,43.103833,-75.243245
Restaurants and Other Eating Places,Burrito Jonz,43.08509,-75.28036
Religious Organizations,Santisukha Vihara,43.096535,-75.231135
Used Merchandise Stores,Salvation Army Thrift Store,43.103492,-75.235627
Other Amusement and Recreation Industries,Move Breathe Live,43.104577,-75.269551
Restaurants and Other Eating Places,Bagg's Square Cafe,43.102545,-75.2215
Restaurants and Other Eating Places,Nyc Gourmet Deli,43.098485,-75.23774
Restaurants and Other Eating Places,Tony's Pizzeria Burrstone Rd,43.089935,-75.258298
Traveler Accommodation,Econo Lodge,43.114176,-75.213955
Restaurants and Other Eating Places,China Wok,43.086455,-75.260933
Religious Organizations,Utica Karen Baptist Church,43.100631,-75.23449
Restaurants and Other Eating Places,North End Pizza and Tap,43.114259,-75.209032
Automotive Repair and Maintenance,Tallman's Tire &amp Auto Repair,43.098217,-75.236707
Restaurants and Other Eating Places,Batroun Rotisserie,43.099394,-75.232806
Restaurants and Other Eating Places,Jimmy John's,43.101753,-75.230079
Restaurants and Other Eating Places,McDonald's,43.124155,-75.225739
Automotive Repair and Maintenance,Caliber Collision,43.096759,-75.251081
Other Ambulatory Health Care Services,Lincare,43.104146,-75.270116
Automotive Repair and Maintenance,Ridgewood Auto Repair,43.074411,-75.267479
Other Miscellaneous Store Retailers,4 Elements Studio,43.100793,-75.234633
Consumer Goods Rental,Aaron's,43.089525,-75.221444
 and Similar Institutions, Historical Sites,Museums,Seymour Park,43.09048,-75.260814
Building Material and Supplies Dealers,Fastenal,43.112982,-75.26395
Restaurants and Other Eating Places,Full of Beans Coffee Company,43.085023,-75.235561
Restaurants and Other Eating Places,Top of the Morning Cafe,43.117689,-75.210155
Child Day Care Services,Mvcaa Inc Nd Peters Head Start,43.079192,-75.211459
Child Day Care Services,The Neighborhood Center Inc,43.097821,-75.220843
Restaurants and Other Eating Places,Lejla &Ajla Coffee Shop,43.094621,-75.228436
Restaurants and Other Eating Places,Black Cat Bar & Grill,43.085601,-75.279662
Automobile Dealers,D & D Auto Sales,43.112382,-75.26213
Restaurants and Other Eating Places,Mello's Subs,43.100436,-75.233595
Health and Personal Care Stores,Walgreens,43.08862,-75.258534
Automotive Repair and Maintenance,Whitesboro Frame & Body,43.096863,-75.251455
Bakeries and Tortilla Manufacturing,Ohio Baking,43.093928,-75.200062
Automotive Equipment Rental and Leasing,U-Haul,43.084259,-75.288699
 including Warehouse Clubs and Supercenters,General Merchandise Stores,Walmart Supercenter,43.123952,-75.225433
Automobile Dealers,Utica General Truck Co,43.134074,-75.219873
Automobile Dealers,Utica General Peterbilt North Utica,43.13411,-75.219901
Restaurants and Other Eating Places,Ventura's Restaurant,43.093467,-75.213809
Consumer Goods Rental,Social Security,43.103154,-75.226125
 and Musical Instrument Stores, Hobby,Sporting Goods,Nicotera's Music Center,43.092246,-75.211426
Religious Organizations,Utica Foursquare Church,43.096221,-75.24865
Health and Personal Care Stores,Garro Drugs,43.098077,-75.217729
Furniture Stores,Faith Furniture Store,43.095027,-75.237565
Restaurants and Other Eating Places,Monk's Pizza,43.106453,-75.246169
Restaurants and Other Eating Places,McDonald's,43.10999,-75.219031
Automotive Repair and Maintenance,Spectrum Wash And Lube,43.110177,-75.252494
Specialty Food Stores,Kossuth Fish Market,43.09763,-75.210367
Interurban and Rural Bus Transportation,Greyhound,43.104213,-75.223548
General Medical and Surgical Hospitals,Mohawk Valley Psychiatric Center,43.103005,-75.260126
Automotive Repair and Maintenance,Rpm Automotive,43.089721,-75.20417
Other Amusement and Recreation Industries,Shine,43.08425,-75.265315
Child Day Care Services,Junior Junction Inc At St Elizabeth's Hospital,43.082523,-75.268055
Restaurants and Other Eating Places,Alee's,43.100357,-75.227936
Other Amusement and Recreation Industries,Dix Mix Memorial Field,43.083422,-75.284149
Restaurants and Other Eating Places,Sheri's Eastside Diner,43.088716,-75.186103
Personal Care Services,Todd Hunter's Eternal Images,43.104009,-75.242795
Other Ambulatory Health Care Services,Faxton St Luke's Hearing and Speech Center,43.091014,-75.258766
Grocery Stores,Casa Imports,43.097582,-75.202451
Gasoline Stations,Sunoco,43.080357,-75.206285
Automotive Repair and Maintenance,Computer Aided Automotive,43.082474,-75.204804
Restaurants and Other Eating Places,Grand Harmony,43.087332,-75.258954
Automotive Repair and Maintenance,M J Auto,43.087374,-75.23213
Health and Personal Care Stores,Walmart Pharmacy 10 2093,43.128523,-75.227292
 including Warehouse Clubs and Supercenters,General Merchandise Stores,Dollar General,43.11017,-75.255587
Automotive Repair and Maintenance,Kwikee Car Wash & Oil Change,43.110139,-75.252473
Child Day Care Services,Mvcaa Inc River Rd Head Start,43.124803,-75.234256
Restaurants and Other Eating Places,Burger King,43.11423,-75.205548
Florists,Breezes Banquet & Events Center,43.109644,-75.212708
Religious Organizations,Beit Shalom,43.10273,-75.22961
Restaurants and Other Eating Places,Cafe Bella Mia,43.115754,-75.210003
Building Material and Supplies Dealers,Home Outlet,43.104584,-75.269583
Other Miscellaneous Store Retailers,Gemini Pets And Things,43.077363,-75.280245
Grocery Stores,Bargain Grocery,43.100509,-75.242531
Gasoline Stations,Genesee Street Citgo,43.093078,-75.24767
Bakeries and Tortilla Manufacturing,Utica Bread,43.103231,-75.227897
Restaurants and Other Eating Places,Little Roma Pizza & Catering,43.085103,-75.28204
Automotive Repair and Maintenance,Fred Jacobs Auto & Brake Service,43.09873,-75.226693
Restaurants and Other Eating Places,Ocean Blue Restaurant & Oyster Bar,43.101899,-75.231516
Automotive Repair and Maintenance,Redline Automotive,43.090271,-75.204322
Restaurants and Other Eating Places,Jonny's Pizza,43.103372,-75.227793
Restaurants and Other Eating Places,Charlie's Pizza,43.113626,-75.205111
Electronics and Appliance Stores,Rodriguez Multiservice,43.096466,-75.241818
Bakeries and Tortilla Manufacturing,Sammy and Annie Foods,43.098221,-75.21702
Restaurants and Other Eating Places,Outta the Way Cafe',43.099048,-75.231471
Automotive Repair and Maintenance,Rockford Auto Glass,43.103555,-75.231882
Restaurants and Other Eating Places,Franco's Pizza & Italian Deli,43.116891,-75.210714
Clothing Stores,Bliss Boutique Shop,43.083588,-75.277562
Miscellaneous Durable Goods Merchant Wholesalers,Hearth & Homes USA,43.125646,-75.236513
Child Day Care Services,Mvcaa Inc Ney Ave Head Start,43.106178,-75.265099
Traveler Accommodation,Best Western Gateway Adirondack Inn,43.110888,-75.219283
Bakeries and Tortilla Manufacturing,Manny's Cheesecake Bakery & Gourmet Coffee Shop,43.086757,-75.249983
Child Day Care Services,Utica Safe Schools Healthy Students Partnership Inc,43.082678,-75.263042
Personal Care Services,Weight Watchers,43.118221,-75.213685
Automotive Repair and Maintenance,Arrow Auto Glass,43.101217,-75.225292
Electronics and Appliance Stores,Off Center Records & Collectibles,43.101778,-75.229563
Grocery Stores,Masi Carlo Fruits & Vegetables Wholesale,43.108203,-75.217311
Florists,Coriale Flowers,43.093191,-75.220394
Used Merchandise Stores,Antiques & Such,43.101365,-75.228541
Religious Organizations,Slavic Pentecostal Church,43.093183,-75.26075
Lessors of Real Estate,South Towne Plaza,43.087799,-75.260325
Health and Personal Care Stores,Parkway Drugs Of Oneida County South,43.08512,-75.28235
Religious Organizations,Commumity SDA Church,43.097032,-75.237521
Clothing Stores,Your Store,43.10329,-75.235234
Personal Care Services,Styles by Renee,43.112804,-75.26382
Restaurants and Other Eating Places,Cafe Hummus,43.088877,-75.222122
Restaurants and Other Eating Places,Yummilicious Cafe & Bakery,43.089235,-75.204572
 including Warehouse Clubs and Supercenters,General Merchandise Stores,Family Dollar Stores,43.103993,-75.247055
 including Warehouse Clubs and Supercenters,General Merchandise Stores,Dollar Tree,43.090767,-75.224096
Religious Organizations,Foursquare Gospel Church,43.096208,-75.248626
Religious Organizations,Church of Our Lady of Lourdes,43.083922,-75.269902
 and Similar Institutions, Historical Sites,Museums,Chancellor Park,43.099984,-75.224813
Child Day Care Services,Upstate Cerebral Palsy Inc New Discoveries Learning Center,43.079668,-75.210984
Other Miscellaneous Store Retailers,Pasta Shoppe,43.083106,-75.224114
Personal Care Services,JK Skin Care By Jillian Kulas,43.099695,-75.152456
Restaurants and Other Eating Places,Rosso Verde,43.088644,-75.223552
Restaurants and Other Eating Places,Tasty Treat,43.118179,-75.209035
Restaurants and Other Eating Places,Emmie's Global Cuisine,43.099778,-75.233135
Automotive Repair and Maintenance,315 Auto Detailing,43.090224,-75.212177
Lessors of Real Estate,Riverside Center,43.126013,-75.224563
Automotive Repair and Maintenance,Precision Collision,43.095806,-75.223154
Home Health Care Services,Smartlifecycles Wellness Store,43.094961,-75.237623
Personal Care Services,Cutting Crew,43.11395,-75.206902
Restaurants and Other Eating Places,Moe's Southwest Grill,43.107216,-75.220419
Personal Care Services,Century Nails,43.089782,-75.21256
Clothing Stores,GIN&WEARR Haberdashery,43.108472,-75.251452
 and Similar Institutions, Historical Sites,Museums,Proctor Park,43.081917,-75.201933
Health and Personal Care Stores,GNC (General Nutrition Centers),43.128615,-75.22447
Automotive Repair and Maintenance,Sprague's Collision Center,43.09372,-75.193448
Child Day Care Services,Jewish Community Center Preschool,43.07727,-75.265444
Grocery Stores,Mya Family Asian Food Market,43.088034,-75.247979
 and Similar Institutions, Historical Sites,Museums,Utica Zoo,43.082066,-75.245197
Restaurants and Other Eating Places,Pantry 284,43.098483,-75.237689
Automotive Repair and Maintenance,Tallman's Tire & Auto Repair,43.0878,-75.258051
Automotive Repair and Maintenance,Monro,43.113154,-75.215157
Grocery Stores,ALDI,43.116136,-75.207668
Health and Personal Care Stores,Parkway Drugs,43.113076,-75.205817
Health and Personal Care Stores,Walgreens,43.114364,-75.206366
Automotive Repair and Maintenance,Papandreas Automotive,43.116813,-75.210865
Health and Personal Care Stores,Sunglass Hut,43.128559,-75.227305
Personal Care Services,Salon One,43.095978,-75.240804
Restaurants and Other Eating Places,Pleeter Restaurant Hoods Venti,43.104419,-75.230775
Used Merchandise Stores,Antiques And Such,43.101823,-75.230776
Restaurants and Other Eating Places,Pizza Classic,43.101861,-75.230835
Gasoline Stations,BJ's Wholesale Club Gas,43.1269,-75.221989
Building Material and Supplies Dealers,Home Outlet,43.105129,-75.269158
 including Warehouse Clubs and Supercenters,General Merchandise Stores,Dollar General,43.091651,-75.222499
Restaurants and Other Eating Places,Applebee's,43.123761,-75.228957
Automotive Repair and Maintenance,Ziebart,43.110197,-75.252523
Other Amusement and Recreation Industries,Sauquoit Knolls Golf Club,43.079955,-75.225698
Restaurants and Other Eating Places,Rick's Famous,43.102549,-75.221516
